{
    "Runs": [
        { "id": 1, "name": "1", "Date": "1/2/2023", "time":[1.0, 2.0, 3.0, 4.0, 5.0, 6.0, 7.0, 8.0, 9.0, 10.0,
        11.0, 12.0, 13.0, 14.0, 15.0, 16.0, 17.0, 18.0, 19.0, 20.0,
        21.0, 22.0, 23.0, 24.0, 25.0, 26.0, 27.0, 28.0, 29.0, 30.0,
        31.0, 32.0, 33.0, 34.0, 35.0, 36.0, 37.0, 38.0, 39.0, 40.0,
        41.0, 42.0, 43.0, 44.0, 45.0, 46.0, 47.0, 48.0, 49.0, 50.0], "power":[1.0, 2.0, 3.0, 4.0, 5.0, 6.0, 7.0, 8.0, 9.0, 10.0,
        11.0, 12.0, 13.0, 14.0, 15.0, 16.0, 17.0, 18.0, 19.0, 20.0,
        21.0, 22.0, 23.0, 24.0, 25.0, 26.0, 27.0, 28.0, 29.0, 30.0,
        31.0, 32.0, 33.0, 34.0, 35.0, 36.0, 37.0, 38.0, 39.0, 40.0,
        41.0, 42.0, 43.0, 44.0, 45.0, 46.0, 47.0, 48.0, 49.0, 50.0], "Distance":[1.0, 1.04811313, 1.09854114, 1.1513954, 1.20679264,
        1.26485522, 1.32571137, 1.38949549, 1.45634848, 1.52641797,
        1.59985872, 1.67683294, 1.75751062, 1.84206997, 1.93069773,
        2.02358965, 2.12095089, 2.22299648, 2.32995181, 2.44205309,
        2.55954792, 2.6826958, 2.8117687, 2.9470517, 3.0888436,
        3.23745754, 3.39322177, 3.55648031, 3.72759372, 3.90693994,
        4.09491506, 4.29193426, 4.49843267, 4.71486636, 4.94171336,
        5.17947468, 5.42867544, 5.68986603, 5.96362332, 6.25055193,
        6.55128557, 6.86648845, 7.19685673, 7.54312006, 7.90604321,
        8.28642773, 8.68511374, 9.10298178, 9.54095476, 10.0]
       }, 
        { "id": 2, "name": "2", "Date": "2/3/2023", "time":[1.0, 2.0, 3.0, 4.0, 5.0, 6.0, 7.0, 8.0, 9.0, 10.0,
        11.0, 12.0, 13.0, 14.0, 15.0, 16.0, 17.0, 18.0, 19.0, 20.0,
        21.0, 22.0, 23.0, 24.0, 25.0, 26.0, 27.0, 28.0, 29.0, 30.0,
        31.0, 32.0, 33.0, 34.0, 35.0, 36.0, 37.0, 38.0, 39.0, 40.0,
        41.0, 42.0, 43.0, 44.0, 45.0, 46.0, 47.0, 48.0, 49.0, 50.0], "power":[1.0, 1.04811313, 1.09854114, 1.1513954, 1.20679264,
        1.26485522, 1.32571137, 1.38949549, 1.45634848, 1.52641797,
        1.59985872, 1.67683294, 1.75751062, 1.84206997, 1.93069773,
        2.02358965, 2.12095089, 2.22299648, 2.32995181, 2.44205309,
        2.55954792, 2.6826958, 2.8117687, 2.9470517, 3.0888436,
        3.23745754, 3.39322177, 3.55648031, 3.72759372, 3.90693994,
        4.09491506, 4.29193426, 4.49843267, 4.71486636, 4.94171336,
        5.17947468, 5.42867544, 5.68986603, 5.96362332, 6.25055193,
        6.55128557, 6.86648845, 7.19685673, 7.54312006, 7.90604321,
        8.28642773, 8.68511374, 9.10298178, 9.54095476, 10.0], "Distance":[2.0, 4.0, 6.0, 8.0, 10.0, 12.0, 14.0, 16.0, 18.0, 20.0,
        22.0, 24.0, 26.0, 28.0, 30.0, 32.0, 34.0, 36.0, 38.0, 40.0,
        42.0, 44.0, 46.0, 48.0, 50.0, 52.0, 54.0, 56.0, 58.0, 60.0,
        62.0, 64.0, 66.0, 68.0, 70.0, 72.0, 74.0, 76.0, 78.0, 80.0,
        82.0, 84.0, 86.0, 88.0, 90.0, 92.0, 94.0, 96.0, 98.0, 100.0]
        },
        { "id": 3, "name": 3, "Date": "3/4/2023", "time":[1.0, 2.0, 3.0, 4.0, 5.0, 6.0, 7.0, 8.0, 9.0, 10.0,
        11.0, 12.0, 13.0, 14.0, 15.0, 16.0, 17.0, 18.0, 19.0, 20.0,
        21.0, 22.0, 23.0, 24.0, 25.0, 26.0, 27.0, 28.0, 29.0, 30.0,
        31.0, 32.0, 33.0, 34.0, 35.0, 36.0, 37.0, 38.0, 39.0, 40.0,
        41.0, 42.0, 43.0, 44.0, 45.0, 46.0, 47.0, 48.0, 49.0, 50.0],"power":[2.0, 4.0, 6.0, 8.0, 10.0, 12.0, 14.0, 16.0, 18.0, 20.0,
        22.0, 24.0, 26.0, 28.0, 30.0, 32.0, 34.0, 36.0, 38.0, 40.0,
        42.0, 44.0, 46.0, 48.0, 50.0, 52.0, 54.0, 56.0, 58.0, 60.0,
        62.0, 64.0, 66.0, 68.0, 70.0, 72.0, 74.0, 76.0, 78.0, 80.0,
        82.0, 84.0, 86.0, 88.0, 90.0, 92.0, 94.0, 96.0, 98.0, 100.0], "Distance":[3.77513454e-10, 1.02618796e-09, 2.78946809e-09, 7.58256042e-09,
        2.06115362e-08, 5.60279641e-08, 1.52299795e-07, 4.13993755e-07,
        1.12535162e-06, 3.05902227e-06, 8.31528028e-06, 2.26032430e-05,
        6.14417460e-05, 1.67014218e-04, 4.53978687e-04, 1.23394576e-03,
        3.35350130e-03, 9.11051194e-03, 2.47262316e-02, 6.69285092e-02,
        1.79862100e-01, 4.74258732e-01, 1.19202922e+00, 2.68941421e+00,
        5.00000000e+00, 7.31058579e+00, 8.80797078e+00, 9.52574127e+00,
        9.82013790e+00, 9.93307149e+00, 9.97527377e+00, 9.99088949e+00,
        9.99664650e+00, 9.99876605e+00, 9.99954602e+00, 9.99983299e+00,
        9.99993856e+00, 9.99997740e+00, 9.99999168e+00, 9.99999694e+00,
        9.99999887e+00, 9.99999959e+00, 9.99999985e+00, 9.99999994e+00,
        9.99999998e+00, 9.99999999e+00, 1.00000000e+01, 1.00000000e+01,
        1.00000000e+01, 1.00000000e+01]
        },
        { "id": 4, "name": 4, "Date": "4/5/2023", "time":[1.0, 2.0, 3.0, 4.0, 5.0, 6.0, 7.0, 8.0, 9.0, 10.0,
        11.0, 12.0, 13.0, 14.0, 15.0, 16.0, 17.0, 18.0, 19.0, 20.0,
        21.0, 22.0, 23.0, 24.0, 25.0, 26.0, 27.0, 28.0, 29.0, 30.0,
        31.0, 32.0, 33.0, 34.0, 35.0, 36.0, 37.0, 38.0, 39.0, 40.0,
        41.0, 42.0, 43.0, 44.0, 45.0, 46.0, 47.0, 48.0, 49.0, 50.0],"power":[3.77513454e-10, 1.02618796e-09, 2.78946809e-09, 7.58256042e-09,
        2.06115362e-08, 5.60279641e-08, 1.52299795e-07, 4.13993755e-07,
        1.12535162e-06, 3.05902227e-06, 8.31528028e-06, 2.26032430e-05,
        6.14417460e-05, 1.67014218e-04, 4.53978687e-04, 1.23394576e-03,
        3.35350130e-03, 9.11051194e-03, 2.47262316e-02, 6.69285092e-02,
        1.79862100e-01, 4.74258732e-01, 1.19202922e+00, 2.68941421e+00,
        5.00000000e+00, 7.31058579e+00, 8.80797078e+00, 9.52574127e+00,
        9.82013790e+00, 9.93307149e+00, 9.97527377e+00, 9.99088949e+00,
        9.99664650e+00, 9.99876605e+00, 9.99954602e+00, 9.99983299e+00,
        9.99993856e+00, 9.99997740e+00, 9.99999168e+00, 9.99999694e+00,
        9.99999887e+00, 9.99999959e+00, 9.99999985e+00, 9.99999994e+00,
        9.99999998e+00, 9.99999999e+00, 1.00000000e+01, 1.00000000e+01,
        1.00000000e+01, 1.00000000e+01], "Distance":[1.0, 4.0, 9.0, 16.0, 25.0, 36.0, 49.0, 64.0, 81.0, 100.0,
        121.0, 144.0, 169.0, 196.0, 225.0, 256.0, 289.0, 324.0, 361.0, 400.0,
        441.0, 484.0, 529.0, 576.0, 625.0, 676.0, 729.0, 784.0, 841.0, 900.0,
        961.0, 1024.0, 1089.0, 1156.0, 1225.0, 1296.0, 1369.0, 1444.0, 1521.0, 1600.0,
        1681.0, 1764.0, 1849.0, 1936.0, 2025.0, 2116.0, 2209.0, 2304.0, 2401.0, 2500.0]
        }, 
        { "id": 5, "name": 5, "Date": "5/6/2023","time":[1.0, 2.0, 3.0, 4.0, 5.0, 6.0, 7.0, 8.0, 9.0, 10.0,
        11.0, 12.0, 13.0, 14.0, 15.0, 16.0, 17.0, 18.0, 19.0, 20.0,
        21.0, 22.0, 23.0, 24.0, 25.0, 26.0, 27.0, 28.0, 29.0, 30.0,
        31.0, 32.0, 33.0, 34.0, 35.0, 36.0, 37.0, 38.0, 39.0, 40.0,
        41.0, 42.0, 43.0, 44.0, 45.0, 46.0, 47.0, 48.0, 49.0, 50.0], "power":[1.0, 4.0, 9.0, 16.0, 25.0, 36.0, 49.0, 64.0, 81.0, 100.0,
        121.0, 144.0, 169.0, 196.0, 225.0, 256.0, 289.0, 324.0, 361.0, 400.0,
        441.0, 484.0, 529.0, 576.0, 625.0, 676.0, 729.0, 784.0, 841.0, 900.0,
        961.0, 1024.0, 1089.0, 1156.0, 1225.0, 1296.0, 1369.0, 1444.0, 1521.0, 1600.0,
        1681.0, 1764.0, 1849.0, 1936.0, 2025.0, 2116.0, 2209.0, 2304.0, 2401.0, 2500.0], "Distance": [0.0, 0.69314718, 1.09861229, 1.38629436, 1.60943791,
        1.79175947, 1.94591015, 2.07944154, 2.19722458, 2.30258509,
        2.39789527, 2.48490665, 2.56494936, 2.63905733, 2.7080502,
        2.77258872, 2.83321334, 2.89037176, 2.94443898, 2.99573227,
        3.04452244, 3.09104245, 3.13549422, 3.17805383, 3.21887582,
        3.25809654, 3.29583687, 3.33220451, 3.36729583, 3.40119738,
        3.4339872 , 3.4657359 , 3.49650756, 3.52636052, 3.55534806,
        3.58351894, 3.61091791, 3.63758616, 3.66356165, 3.68887945,
        3.71357207, 3.73766962, 3.76120012, 3.78418963, 3.80666249,
        3.8286414 , 3.8501476 , 3.87120101, 3.8918203 , 3.91202301]
        }, 
        { "id": 6, "name": 6, "Date": "6/7/2023", "time":[1.0, 2.0, 3.0, 4.0, 5.0, 6.0, 7.0, 8.0, 9.0, 10.0,
        11.0, 12.0, 13.0, 14.0, 15.0, 16.0, 17.0, 18.0, 19.0, 20.0,
        21.0, 22.0, 23.0, 24.0, 25.0, 26.0, 27.0, 28.0, 29.0, 30.0,
        31.0, 32.0, 33.0, 34.0, 35.0, 36.0, 37.0, 38.0, 39.0, 40.0,
        41.0, 42.0, 43.0, 44.0, 45.0, 46.0, 47.0, 48.0, 49.0, 50.0],